Window,Start_Sample,End_Sample,Mean,Std,Min,Max,Range,RMS,Skewness,Kurtosis,Peak_Count,Mean_Interval_s,Std_Interval_s,Mean_Rate_BPM,SDNN_s,RMSSD_s
1,0,999,-0.03358041142109192,0.9920900123088544,-1.530525487460569,5.280542990971608,6.811068478432177,0.9926581670213531,2.921343489209647,10.222905714088274,13,0.6259999999999999,0.042095130359698384,96.38860572772346,0.04396692972099496,0.04447675593140555
2,1000,1999,0.0243157195432146,0.9984598736813637,-1.031339546330314,5.295502275750098,6.326841822080413,0.9987559129080082,2.939589169450446,9.90893396747608,13,0.6366666666666666,0.006073622386096205,94.24943951578973,0.006343691688790079,0.009648363026488445
3,2000,2999,-0.0003060916408989813,0.9835102365050042,-0.9541859805262024,5.323323177976467,6.277509158502669,0.9835102841364812,3.0875371094497654,10.837364709253304,13,0.6379999999999999,0.0034641016151377574,94.04667721518986,0.0036181361349331667,0.005908391567007977
4,3000,3999,0.013031877159518306,0.9443593306427325,-0.892838173543024,5.304268311770598,6.197106485313622,0.9444492443717081,3.172448669078388,11.683115541314596,12,0.6443636363636362,0.005244438218856716,93.1212531822288,0.005500413207618634,0.005059644256269411
5,4000,4999,-0.0018346480959895858,0.9640121430082296,-0.9814848508237362,5.183971707003124,6.16545655782686,0.9640138888008591,3.0588382731997235,10.80824547086023,12,0.6523636363636363,0.00712578834264198,91.98428352483599,0.007473589863950628,0.012393546707863745
6,5000,5999,-0.0005347434837264764,1.075109265030284,-4.652996506764739,5.1064303534761954,9.759426860240936,1.0751093980170348,2.1961314634156923,7.6832095503564055,13,0.6426666666666666,0.04083571421630282,93.81798330917071,0.04265151246030457,0.0468343308423911
7,6000,6999,0.016236841308449358,1.0142567656679766,-0.8297552607880475,5.28368240728165,6.113437668069698,1.014386721974879,2.917713199379153,9.620419997797745,13,0.6599999999999999,0.005163977794943228,90.91461665477237,0.005393598899705942,0.0072362722698663335
8,7000,7999,0.007371477875601224,0.9819569160876971,-0.9022699334900066,5.253795895753921,6.156065829243928,0.9819845842672537,2.9486023234445216,10.001443455039693,13,0.6466666666666666,0.060029622317282295,93.90458174160052,0.0626988956453901,0.06779648690281553
9,8000,8999,0.0008416527662421638,0.9949302332619474,-1.0245421923315887,5.200908838726294,6.225451031057883,0.9949305892563823,2.8325494893927345,9.233086104672411,12,0.6639999999999998,0.00964836302648842,90.38019467428539,0.010119288512538797,0.010733126291998983
10,9000,9999,-0.02554167401131856,1.043476468430532,-1.9982737979204688,5.356951628442678,7.3552254263631465,1.043789019524327,2.398854597303218,7.706205785612632,12,0.6567272727272727,0.0022998382983042778,91.36323564769054,0.002412090756622111,0.0035777087639996667
