Window,Start_Sample,End_Sample,Mean,Std,Min,Max,Range,RMS,Skewness,Kurtosis,Peak_Count,Mean_Interval_s,Std_Interval_s,Mean_Rate_BPM,SDNN_s,RMSSD_s,Mean_Pulse_Amplitude,Std_Pulse_Amplitude
1,0,999,-0.018954504158762778,0.9914564702516628,-1.2284480112014395,2.200325606053525,3.4287736172549645,0.9916376382690357,0.7754204236328155,-0.7533738700450883,12,0.6392727272727272,0.007966873563711514,93.87120646382765,0.008355727485873503,0.013386560424545222,3.0979100687535492,0.1766976263450414
2,1000,1999,0.023151326732337826,0.9776153818809343,-1.1882543956725429,2.2215147119573326,3.4097691076298755,0.9778894716785085,0.6528209536322269,-0.8909120196267608,13,0.6359999999999999,0.006928203230275516,94.35077370863236,0.0072362722698663335,0.011053588475324129,3.073463262356677,0.18249597458486724
3,2000,2999,-0.004873630619236827,1.0335028176554861,-1.3926596061492946,2.51232241558488,3.904982021734175,1.0335143087433487,0.7846886633838598,-0.651097666560303,13,0.6366666666666666,0.010044346115546252,94.2641887385957,0.010490977364412063,0.015817136851586595,3.2883596152059886,0.3908909431359207
4,3000,3999,0.012032617228805768,1.077774724498756,-1.2537670924616937,2.6689496797263126,3.9227167721880063,1.0778418903743465,0.8166731243572647,-0.6634502091492966,12,0.6429090909090909,0.006171113726718965,93.33435466115306,0.00647231867964713,0.008390470785361221,3.394983882095344,0.238022278429178
5,4000,4999,-0.024743206556788903,1.1106212555928319,-1.3199260793095775,2.415032188287795,3.7349582675973725,1.1108968447364094,0.769862965200826,-0.7295917449477103,12,0.653090909090909,0.009199353193217111,91.88896330756455,0.009648363026488445,0.014085453489327222,3.499752273343405,0.08852143805133271
6,5000,5999,-0.003145952188559825,0.9864680497304743,-1.462602177740392,3.2384088879649098,4.701011065705302,0.9864730661068342,0.9073675302706795,0.002173740425551074,11,0.7208,0.1919149811765616,86.84972634040066,0.20229615254209193,0.29622814030930805,3.174741632600059,0.7405062987177575
7,6000,6999,0.02174480244541212,0.9512898898290689,-1.3033909270576292,2.158491184100661,3.4618821111582903,0.9515383812145426,0.7026424993244015,-0.8228964468128508,13,0.6599999999999999,0.008326663997864539,90.92344722959001,0.008696916904073752,0.009648363026488445,2.9274214967794534,0.26552324501363433
8,7000,7999,0.001880687047534762,0.8631884038857602,-1.049590806407131,1.8386842766566447,2.8882750830637756,0.8631904526734624,0.6969257005285949,-0.8184727461256309,12,0.6669090909090909,0.007832966992195649,89.97972736499297,0.008215285088839536,0.011593101396951562,2.7444168647183274,0.06820337971608023
9,8000,8999,0.008866523320202702,0.9738991682912795,-1.2950298245946703,2.1888676370733946,3.483897461668065,0.9739395285305109,0.6634380150078067,-0.8208425451022294,12,0.6610909090909091,0.011453102362199008,90.78683546202024,0.012012115096472783,0.016198765385053285,3.1080379470158728,0.2241035456721476
10,9000,9999,-0.01595866325094472,1.0118968159096182,-1.5490724938140956,2.3610783485231925,3.910150842337288,1.0120226504287246,0.6933413585895878,-0.7125202302604641,12,0.6581818181818181,0.008418790474756535,91.17524986794747,0.008829701940815246,0.012649110640673528,3.2523347365730206,0.2710439943710423
