window_id,patient_id,split,ecg_length,ppg_length,mask_length
1001_w0000,1001,train,1285,1285,1285
1001_w0001,1001,train,1280,1280,1280
1001_w0002,1001,train,1210,1210,1210
1001_w0003,1001,train,1260,1260,1260
1001_w0004,1001,train,1275,1275,1275
1001_w0005,1001,train,1259,1259,1259
1001_w0006,1001,train,1268,1268,1268
1001_w0007,1001,train,1269,1269,1269
1001_w0008,1001,train,1276,1276,1276
1001_w0009,1001,train,1269,1269,1269
1001_w0010,1001,train,1264,1264,1264
1001_w0011,1001,train,1256,1256,1256
1001_w0012,1001,train,1222,1222,1222
1001_w0013,1001,train,1245,1245,1245
1001_w0014,1001,train,1254,1254,1254
1001_w0015,1001,train,1248,1248,1248
1001_w0016,1001,train,1244,1244,1244
1001_w0017,1001,train,1242,1242,1242
1001_w0018,1001,train,1246,1246,1246
1001_w0019,1001,train,1253,1253,1253
1001_w0020,1001,train,1257,1257,1257
1001_w0021,1001,train,1247,1247,1247
1001_w0022,1001,train,1254,1254,1254
1001_w0023,1001,train,1255,1255,1255
1001_w0024,1001,train,1219,1219,1219
1001_w0025,1001,train,1233,1233,1233
1001_w0026,1001,train,1241,1241,1241
1001_w0027,1001,train,1223,1223,1223
1001_w0028,1001,train,1204,1204,1204
1001_w0029,1001,train,1233,1233,1233
1001_w0030,1001,train,1218,1218,1218
1001_w0031,1001,train,1222,1222,1222
1001_w0032,1001,train,1231,1231,1231
1001_w0033,1001,train,1228,1228,1228
1001_w0034,1001,train,1233,1233,1233
1001_w0035,1001,train,1205,1205,1205
1001_w0036,1001,train,1237,1237,1237
1001_w0037,1001,train,1227,1227,1227
1001_w0038,1001,train,1245,1245,1245
1001_w0039,1001,train,1243,1243,1243
1001_w0040,1001,train,1241,1241,1241
1001_w0041,1001,train,1246,1246,1246
1001_w0042,1001,train,1248,1248,1248
1001_w0043,1001,train,1219,1219,1219
1001_w0044,1001,train,1244,1244,1244
1001_w0045,1001,train,1307,1307,1307
1001_w0046,1001,train,1333,1333,1333
1001_w0047,1001,train,1349,1349,1349
1001_w0048,1001,train,1315,1315,1315
1001_w0049,1001,train,1413,1413,1413
1001_w0050,1001,train,1345,1345,1345
1001_w0051,1001,train,1352,1352,1352
1001_w0052,1001,train,1319,1319,1319
1001_w0053,1001,train,1425,1425,1425
1001_w0054,1001,train,1336,1336,1336
1001_w0055,1001,train,1287,1287,1287
1001_w0056,1001,train,1215,1215,1215
1001_w0057,1001,train,1344,1344,1344
1001_w0058,1001,train,1344,1344,1344
1001_w0059,1001,train,1372,1372,1372
1001_w0060,1001,train,1323,1323,1323
1001_w0061,1001,train,1378,1378,1378
1001_w0062,1001,train,1307,1307,1307
1001_w0063,1001,train,1340,1340,1340
1001_w0064,1001,train,1315,1315,1315
1001_w0065,1001,train,1415,1415,1415
1001_w0066,1001,train,1217,1217,1217
1001_w0067,1001,train,1169,1169,1169
1001_w0068,1001,train,1160,1160,1160
1001_w0069,1001,train,1255,1255,1255
1001_w0070,1001,train,1304,1304,1304
1001_w0071,1001,train,1399,1399,1399
1001_w0072,1001,train,1340,1340,1340
1001_w0073,1001,train,1282,1282,1282
1001_w0074,1001,train,1246,1246,1246
1001_w0075,1001,train,1202,1202,1202
1001_w0076,1001,train,1312,1312,1312
1001_w0077,1001,train,1355,1355,1355
1001_w0078,1001,train,1365,1365,1365
1001_w0079,1001,train,1332,1332,1332
1001_w0080,1001,train,1351,1351,1351
1001_w0081,1001,train,1258,1258,1258
1001_w0082,1001,train,1266,1266,1266
1001_w0083,1001,train,1254,1254,1254
1001_w0084,1001,train,1354,1354,1354
1001_w0085,1001,train,1376,1376,1376
1001_w0086,1001,train,1348,1348,1348
1001_w0087,1001,train,1257,1257,1257
1001_w0088,1001,train,1320,1320,1320
1001_w0089,1001,train,1280,1280,1280
1001_w0090,1001,train,1313,1313,1313
1001_w0091,1001,train,1287,1287,1287
1001_w0092,1001,train,1394,1394,1394
1001_w0093,1001,train,1309,1309,1309
1001_w0094,1001,train,1272,1272,1272
1001_w0095,1001,train,1268,1268,1268
1001_w0096,1001,train,1355,1355,1355
1001_w0097,1001,train,1291,1291,1291
1001_w0098,1001,train,1406,1406,1406
1001_w0099,1001,train,1325,1325,1325
