filename,patient_id,rhythm,pvc_ratio,actual_label,predicted_label,normal_probability,pvc_probability,uncertainty,predicted_rhythm
sample_031.npz,103,Normal,0.0,0,0,0.6019458155311099,0.39805418446889007,0.9698009790087884,Normal
sample_032.npz,103,Normal,0.0,0,0,0.6646106074367708,0.3353893925632292,0.920338184693836,Normal
sample_033.npz,103,Normal,0.0,0,0,0.6675705606948554,0.33242943930514457,0.9173892864232971,Normal
sample_034.npz,103,Normal,0.0,0,0,0.7486334025588235,0.2513665974411765,0.8134369536066174,Normal
sample_035.npz,103,Normal,0.0,0,0,0.8061689464716437,0.19383105352835628,0.7094172840583121,Normal
sample_036.npz,103,Normal,0.0,0,0,0.8121655949936439,0.18783440500635606,0.6969191567514929,Normal
sample_037.npz,103,Normal,0.0,0,0,0.7691922931390991,0.2308077068609009,0.77941666263543,Normal
sample_038.npz,103,Normal,0.0,0,0,0.7437581021143274,0.25624189788567264,0.8210222266037697,Normal
sample_039.npz,103,Normal,0.0,0,0,0.6665383138127936,0.3334616861872064,0.9184241331461216,Normal
sample_040.npz,103,Normal,0.0,0,0,0.6589837462349237,0.34101625376507627,0.9257878713910003,Normal
sample_051.npz,1072,Normal,0.0,0,0,0.8671096530639488,0.13289034693605117,0.5653120220571545,Normal
sample_052.npz,1072,Normal,0.0,0,0,0.8519922781067635,0.14800772189323652,0.6048320892461398,Normal
sample_053.npz,1072,Normal,0.0,0,0,0.8619705137161873,0.13802948628381273,0.5790548579575122,Normal
sample_054.npz,1072,Normal,0.0,0,0,0.8458556546742102,0.1541443453257898,0.620115083485165,Normal
sample_055.npz,1072,Normal,0.0,0,0,0.8478264434015728,0.15217355659842724,0.6152530074793963,Normal
sample_056.npz,1072,Normal,0.0,0,0,0.8517942190106851,0.14820578098931492,0.6053319974067037,Normal
sample_057.npz,1072,Normal,0.0,0,0,0.8594710383357551,0.1405289616642449,0.5856224396652567,Normal
sample_058.npz,1072,Normal,0.0,0,0,0.8097116012058905,0.19028839879410953,0.7020743778237909,Normal
sample_059.npz,1072,Normal,0.0,0,0,0.8126037736626586,0.18739622633734143,0.6959926780191681,Normal
sample_060.npz,1072,Normal,0.0,0,0,0.7313378746968056,0.26866212530319444,0.8395383123849582,Normal
sample_071.npz,110,Normal,0.0,0,0,0.951035118643631,0.048964881356369006,0.28198346873084223,Normal
sample_072.npz,110,Normal,0.0,0,0,0.9622886092364524,0.03771139076354757,0.23169875830167622,Normal
sample_073.npz,110,Normal,0.0,0,0,0.9586282959965047,0.041371704003495324,0.248546435389776,Normal
sample_074.npz,110,Normal,0.0,0,0,0.9580068381877709,0.04199316181222912,0.2513572926385475,Normal
sample_075.npz,110,Normal,0.0,0,0,0.9552518666655487,0.04474813333445127,0.26365386365173576,Normal
sample_076.npz,110,Normal,0.0,0,0,0.9578533226853096,0.04214667731469035,0.2520495032794248,Normal
sample_077.npz,110,Normal,0.0,0,0,0.9620340340613893,0.03796596593861068,0.23288720379024405,Normal
sample_078.npz,110,Normal,0.0,0,0,0.9581694441264972,0.04183055587350282,0.2506231709116777,Normal
sample_079.npz,110,Normal,0.0,0,0,0.9581715542227585,0.04182844577724154,0.25061363815151333,Normal
sample_080.npz,110,Normal,0.0,0,0,0.9588501000183669,0.0411498999816331,0.24753982299952518,Normal
