segment_id,ecg_predictive_mean,ecg_predictive_std,ecg_predictive_variance,ppg_predictive_mean,ppg_predictive_std,ppg_predictive_variance
1.0,94.0635591046466,0.007664002098940445,5.873692817256354e-05,92.95726006610103,2.4256471325466586,5.883764011631827
1.035175879396985,94.17462170142174,0.04528442759773517,0.0020506793828545186,92.98259222290444,2.4205049243676964,5.858844088888268
1.07035175879397,94.288350887948,0.0868836729034823,0.007548772617199304,93.00737467135346,2.4156924143711804,5.835569840850463
1.1055276381909547,94.40432874346126,0.12574412677617625,0.015811585418703086,93.03157935840811,2.4112068159650017,5.813918309356082
1.1407035175879396,94.52210585923808,0.1615093249065229,0.026085262031760776,93.05517898665914,2.4070434225590605,5.793858038084836
1.1758793969849246,94.6412035517089,0.19396767218308866,0.037623457852126146,93.07814701421395,2.4031957352986746,5.775349742157737
1.2110552763819096,94.76111642009816,0.2229508449294386,0.049707079254750576,93.10045764655776,2.399655608276717,5.758347038333901
1.2462311557788945,94.88131523373902,0.24832073439875507,0.06166318713233706,93.12208582040076,2.3964134082059494,5.742797223029254
1.2814070351758793,95.00125012982802,0.26996746981742803,0.07288243475962392,93.14300717958712,2.3934581853550494,5.728642085043086
1.3165829145728642,95.12035409811986,0.28780973852838787,0.082834445591779,93.16319804320825,2.390777852459517,5.715818739810941
1.3517587939698492,95.23804672497893,0.30179561821508066,0.09108059517382273,93.1826353661311,2.388359368311178,5.704260472199769
1.3869346733668342,95.35373816536946,0.3119034178993568,0.09728374209730083,93.20129669222052,2.386188922803598,5.693897575310596
1.4221105527638191,95.46683330784123,0.31814234787973655,0.10121455351443132,93.21916010060465,2.3842521203590343,5.684658173436551
1.457286432160804,95.57673609441366,0.32055294071075474,0.10275418779831265,93.23620414539984,2.3825341588768945,5.676469018215231
1.492462311557789,95.68285395453213,0.3192071840965808,0.10189322637886841,93.25240778938164,2.381020001613889,5.669256248085404
1.5276381909547738,95.78460231001732,0.3142083445119432,0.09872688376093598,93.2677503321544,2.3796945397205755,5.662946102375922
1.5628140703517588,95.8814091061933,0.30569047076204514,0.09344666391472077,93.28221133343907,2.378542743505823,5.657465582684208
1.5979899497487438,95.97271932320085,0.2938175743623851,0.0863287670041957,93.29577053216164,2.3775498008676323,5.652743055605718
1.6331658291457285,96.05799942090427,0.2787824906999458,0.07771967712086537,93.3084077620875,2.3767012417039184,5.648708792316947
1.6683417085427137,96.1367416708049,0.2608054329432081,0.06801947385269423,93.32010286480423,2.375983047489229,5.645295441956205
1.7035175879396984,96.20846832898917,0.24013226173126867,0.05766350312417452,93.33083560091127,2.3753817455628643,5.64243843715328
1.7386934673366834,96.2727356053659,0.21703251245833685,0.047103111463978144,93.3405855603259,2.3748844880118636,5.640076331399372
1.7738693467336684,96.32913738627548,0.19179726083970705,0.036786189265614624,93.34933207266117,2.3744791153415483,5.6381510691931815
1.809045226130653,96.37730866996345,0.16473700362311966,0.02713828036272374,93.35705411867356,2.3741542054011378,5.636608191023908
1.8442211055276383,96.41692867737339,0.1361800140491908,0.018544996226437804,93.36373024381373,2.373899108268339,5.635396976237215
1.879396984924623,96.4477236041916,0.10647264201985593,0.011336423498688391,93.36933847494431,2.373703967992253,5.634470527662167
1.914572864321608,96.46946898402037,0.07598772882384755,0.005774134931806592,93.3738562413114,2.3735597322474344,5.633785802546512
1.949748743718593,96.4819916369139,0.0451808471095899,0.0020413089455401383,93.37726030087393,2.373458151063835,5.633303594851358
1.984924623115578,96.48517118221973,0.015373222960973786,0.0002363359842078116,93.37952667310307,2.373391765869259,5.632988474295999
2.020100502512563,96.47894109965928,0.01923917266803187,0.0003701457649503446,93.38063057936581,2.373353890115388,5.632808687725845
2.0552763819095476,96.46328932778405,0.048655259868762825,0.002367334312896842,93.38054639199893,2.3733385827589624,5.63273602841232
2.090452261306533,96.43825839427996,0.07791668591856356,0.006071009944532081,93.37924759316414,2.373340615840373,5.632745678797562
2.1256281407035176,96.40394507798575,0.10607129663491015,0.011251119969811102,93.37670674454978,2.3733554373473686,5.632816031986319
2.1608040201005023,96.36049960786121,0.13272479697913944,0.017615871733153782,93.37289546895062,2.373379130476675,5.632928496982219
2.1959798994974875,96.30812440940925,0.15756182691150064,0.024825729299689688,93.36778444471261,2.3734083703160156,5.633067292286125
2.2311557788944723,96.24707241414644,0.1803035124592632,0.032509356605147685,93.3613434139767,2.3734403788681946,5.633219232041999
2.266331658291457,96.17764495255517,0.20070075815363073,0.04028079432344217,93.3535412055913,2.373472879232186,5.633373508450724
2.301507537688442,96.10018925546835,0.21853399054299064,0.04775710502264392,93.34434577349022,2.3735040496478494,5.633521473694741
2.3366834170854274,96.01509559297274,0.2336144301925116,0.054575701994171874,93.33372425124881,2.3735324780046825,5.633656424143049
2.371859296482412,95.92279408361155,0.2457856639153885,0.06041059258632831,93.32164302343826,2.373557117314148,5.6337733891526485
2.407035175879397,95.82375120987308,0.2549251194558474,0.06498681652957806,93.30806781429477,2.3735772425520745,5.633868926361109
2.442211055276382,95.71846607863144,0.2609452847354057,0.06809244162564194,93.29296379410832,2.373592409194278,5.633940924984697
2.477386934673367,95.6074664673244,0.26379459777381453,0.06958758981464859,93.27629570361432,2.373602413696051,5.63398841830372
2.5125628140703515,95.49130469819352,0.26345796859324144,0.0694101012152774,93.25802799654224,2.3736072561049824,5.634011406234223
2.5477386934673367,95.37055338386111,0.2599569123748103,0.06757759629144479,93.23812500033705,2.373607104946569,5.6340106886528325
2.582914572864322,95.24580108787558,0.25334928457931716,0.06418585999685184,93.21655109492559,2.3736022644825865,5.6339877099568625
2.618090452261306,95.11764794363091,0.24372861788552047,0.059403639176386046,93.19327090924786,2.37359314441202,5.633944415199741
2.6532663316582914,94.98670127427548,0.23122306982794452,0.053464108020658506,93.1682495351173,2.3735802320620354,5.633883118035666
2.6884422110552766,94.85357125489703,0.21599400097897167,0.04665340845890402,93.14145275781284,2.373564067100228,5.633806380629376
2.7236180904522613,94.71886665644162,0.19823422003629082,0.039296805993396564,93.112847302641,2.373545218787381,5.633716905628437
2.758793969849246,94.58319070853499,0.17816596305515545,0.03174311039137102,93.0824010965396,2.373524265780291,5.6336174402478685
2.7939698492462313,94.44713711567978,0.156038744329989,0.02434808973207967,93.05008354362727,2.37350177848516,5.633510692472218
2.829145728643216,94.31128625825184,0.13212740740950338,0.017457651788756887,93.01586581343584,2.3734783039520613,5.633399259331154
2.8643216080402008,94.17620160637702,0.10673132803715407,0.011391576384574591,92.97972114039727,2.373454353288761,5.633285567145371
2.899497487437186,94.04242637119856,0.0801782740956817,0.006428555636962264,92.9416251329957,2.3734303915569392,5.633171823566126
2.934673366834171,93.91048041430872,0.05285108356517704,0.0027932370340133265,92.90155609083756,2.373406830094995,5.633059981141573
2.969849246231156,93.780857432284,0.025413969906256044,0.0006458698663960879,92.859495327744,2.373384021189197,5.632951712036202
3.0050251256281406,93.65402242939584,0.008662159122867507,7.503300066987678e-05,92.81542749882634,2.373362254989175,5.6328483934073015
3.040201005025126,93.53040948773146,0.033072299566299715,0.0010937769986030684,92.76934092937492,2.3733417585354983,5.632751102808371
3.0753768844221105,93.41041984021386,0.060327049620673236,0.003639352915935171,92.72122794327015,2.373322696737285,5.63266062284834
3.1105527638190953,93.29442024841231,0.08704327241551783,0.0075765312728020475,92.6710851885178,2.3733051751078262,5.63257745419359
3.1457286432160805,93.18274168363729,0.11271355557713504,0.01270434561083991,92.61891395741767,2.373289244037548,5.632501835864317
3.180904522613065,93.07567830666208,0.13698880870736507,0.01876593371106306,92.56472049879874,2.373274904357833,5.632433771654681
3.2160804020100504,92.97348673854749,0.15956504496726848,0.02546100357540641,92.50851631969404,2.373262113927815,5.632373061405122
3.251256281407035,92.87638561249886,0.18016749873884447,0.03246032760181152,92.45031847379023,2.3732507949607275,5.632319335781725
3.28643216080402,92.78455539448103,0.19854866632513604,0.03942157289949021,92.39014983396531,2.3732408417978705,5.632272093177465
3.321608040201005,92.69813845847374,0.21448942390479436,0.04600571296701057,92.32803934623043,2.373232128837787,5.632230737347934
3.35678391959799,92.61723940077844,0.22780087579960284,0.05189323901506608,92.26402226241518,2.373224518336333,5.63219461443272
3.391959798994975,92.54192557668848,0.23832624569573416,0.05679939938742344,92.19814034898157,2.3732178678102205,5.632163048093689
3.4271356783919598,92.47222784210268,0.24594255911079516,0.06048774238196697,92.13044206942223,2.3732120368020677,5.632135371622219
3.4623115577889445,92.40814148228536,0.2505620065251713,0.06278131911391999,92.06098273779178,2.373206892798393,5.632110956025804
3.4974874371859297,92.34962730993475,0.2521329313274649,0.06357101505978013,91.9898246410372,2.3732023161322524,5.6320892332954875
3.5326633165829144,92.29661291498952,0.25064041227638223,0.06282061626607485,91.91703712793515,2.373198203747991,5.63206971427269
3.5678391959798996,92.24899404915215,0.24610642489119977,0.060568372372727754,91.84269666260754,2.3731944717551303,5.632052000769112
3.6030150753768844,92.20663612889976,0.23858957677573578,0.05692498614602472,91.76688684077536,2.373191056749843,5.632035791837436
3.638190954773869,92.16937584175166,0.22818442134053743,0.05206813014251591,91.68969836711902,2.3731879159336904,5.632020884333692
3.6733668341708543,92.1370228417251,0.21502036475532152,0.04623375725951151,91.61122899234489,2.373185026108288,5.632007168144595
3.708542713567839,92.10936152119403,0.19926019500641814,0.03970462531399579,91.53158340880704,2.373182381669208,5.631994616665135
3.7437185929648242,92.0861528477262,0.18109828567174718,0.03279658907324575,91.45087310380184,2.3731799917609764,5.631983273294628
3.778894472361809,92.06713625586667,0.16075857655187886,0.025843319934986297,91.36921616993709,2.373177876785709,5.631973234865126
3.8140703517587937,92.05203158522022,0.13849255786636372,0.019180188584368103,91.28673707227631,2.3731760644796798,5.631964633019261
3.849246231155779,92.04054105751699,0.11457785918132962,0.0131280858145766,91.20356637226956,2.3731745857838273,5.631957614610241
3.8844221105527637,92.03235128659105,0.08931942315612623,0.00797795935294314,91.11984040880223,2.3731734707356313,5.631952322203403
3.919597989949749,92.02713531632183,0.06306195236904415,0.003976809836595593,91.0357009370212,2.373172744600842,5.631948875716294
3.9547738693467336,92.02455468255685,0.03627421506639648,0.0013158186786831852,90.95129472592899,2.373172424444772,5.631947356145077
3.9899497487437188,92.02426149582266,0.011008079965073782,0.00012117782451745879,90.86677311607002,2.373172516315217,5.631947792193899
4.025125628140703,92.02590054222074,0.02116745715825059,0.0004480612425463742,90.78229153896459,2.3731730131739015,5.631950150456895
4.060301507537688,92.02911140028118,0.04772867772486786,0.0022780266773642973,90.69800900027344,2.373173893672351,5.631954329607988
4.0954773869346734,92.03353057169963,0.07429650721462511,0.005519970984292841,90.61408752899516,2.373175121823292,5.6319601588409975
4.130653266331658,92.03879362381154,0.10007292948199563,0.01001459121510847,90.53069159530735,2.373176647572149,5.631967400581785
4.165829145728644,92.0445373413616,0.12466809845078668,0.01554213477133504,90.44798749995788,2.373178408227223,5.631975757275896
4.201005025125628,92.05040188461841,0.1477601553830799,0.021833063518831918,90.36614273839024,2.3731803306638706,5.631984881849878
4.236180904522612,92.05603295017552,0.16905950550109297,0.028581116400274085,90.2853253430462,2.3731823341794716,5.631994391261525
4.2713567839195985,92.06108392989222,0.18830331797139715,0.0354581395590371,90.20570320752459,2.3731843338440424,5.632003882402791
4.306532663316583,92.06521806238389,0.20525585953260272,0.04212996787246754,90.12744339648674,2.3731862441674845,5.632012949505771
4.341708542713568,92.06811057030137,0.21971024371749875,0.0482725911944027,90.05071144538195,2.3731879828897395,5.632021202132271
4.376884422110553,92.06945077537414,0.23149044250650752,0.05358782497185866,89.97567065422118,2.373189474695252,5.632028282804326
4.4120603015075375,92.0689441818682,0.24045317401274766,0.057817728892804704,89.90248137974866,2.373190654658252,5.632033883357264
4.447236180904523,92.06631451776435,0.24648950827366423,0.060757077688992786,89.83130033045055,2.3731914712401903,5.632037759167178
4.482412060301508,92.06130572163401,0.24952611536234978,0.062263282247824694,89.76227986889384,2.3731918886843824,5.632039740517346
4.517587939698492,92.05368386191948,0.24952611536234848,0.06226328224782404,89.69556732590712,2.3731918886843824,5.632039740517346
4.552763819095477,92.04323897415136,0.24648950827366223,0.0607570776889918,89.63130433109691,2.3731914712401903,5.632037759167178
4.5879396984924625,92.0297868005971,0.24045317401274835,0.05781772889280504,89.56962616413807,2.373190654658252,5.632033883357264
4.623115577889447,92.01317041596869,0.23149044250650824,0.053587824971858995,89.5106611311853,2.373189474695252,5.632028282804326
4.658291457286432,91.99326172215805,0.21971024371749875,0.0482725911944027,89.45452997062384,2.3731879828897395,5.632021202132271
4.693467336683417,91.96996279454734,0.20525585953260272,0.04212996787246754,89.40134529221383,2.3731862441674845,5.632012949505771
4.7286432160804015,91.94320706228517,0.1883033179713963,0.03545813955903678,89.35121105348287,2.3731843338440424,5.632003882402791
4.763819095477387,91.91296030505191,0.16905950550109106,0.028581116400273436,89.30422207698982,2.3731823341794716,5.631994391261525
4.798994974874372,91.87922144927478,0.1477601553830777,0.02183306351883127,89.2604636118179,2.3731803306638706,5.631984881849878
4.834170854271356,91.84202314750924,0.12466809845078798,0.015542134771335364,89.22001094236253,2.373178408227223,5.631975757275896
4.869346733668342,91.80143212578317,0.10007292948199563,0.01001459121510847,89.18292904715781,2.373176647572149,5.631967400581785
4.9045226130653266,91.75754928510538,0.07429650721462949,0.005519970984293492,89.14927231014131,2.373175121823292,5.6319601588409975
4.939698492462312,91.71050954506312,0.04772867772486444,0.002278026677363971,89.11908428638982,2.373173893672351,5.631954329607988
4.974874371859297,91.66048141946337,0.02116745715824289,0.0004480612425460482,89.09239752397428,2.3731730131739015,5.631950150456895
5.010050251256281,91.60766631629093,0.011008079965044161,0.00012117782451680666,89.06923344318244,2.373172516315217,5.631947792193899
5.045226130653266,91.55229755683797,0.03627421506639198,0.001315818678682859,89.04960227394663,2.373172424444772,5.631947356145077
5.080402010050252,91.49463911167487,0.06306195236904415,0.003976809836595593,89.03350305189593,2.373172744600842,5.631948875716294
5.115577889447236,91.43498405414628,0.08931942315612623,0.00797795935294314,89.02092367302885,2.373173470735632,5.6319523222034045
5.150753768844221,91.37365273524753,0.11457785918133247,0.013128085814577252,89.0118410065803,2.3731745857838273,5.631957614610241
5.185929648241206,91.3109906870224,0.13849255786636136,0.01918018858436745,89.00622106523791,2.3731760644796798,5.631964633019261
5.221105527638191,91.2473662649745,0.16075857655187684,0.025843319934985644,89.00401923145034,2.373177876785709,5.631973234865126
5.256281407035176,91.18316804335204,0.18109828567174718,0.03279658907324575,89.00518053817089,2.3731799917609764,5.631983273294628
5.291457286432161,91.11880198049573,0.1992601950064165,0.039704625313995136,89.00964000199302,2.373182381669208,5.631994616665135
5.326633165829145,91.05468837468025,0.21502036475532152,0.04623375725951151,89.01732300626752,2.373185026108288,5.632007168144595
5.36180904522613,90.99125863397707,0.22818442134053815,0.052068130142516246,89.02814573144435,2.3731879159336904,5.632020884333692
5.396984924623116,90.9289518865667,0.23858957677573508,0.056924986146024384,89.04201562956061,2.373191056749843,5.632035791837436
5.432160804020101,90.86821146058436,0.24610642489119977,0.060568372372727754,89.05883193950106,2.3731944717551303,5.632052000769112
5.467336683417085,90.80948126494214,0.25064041227638223,0.06282061626607485,89.07848623939284,2.373198203747991,5.63206971427269
5.50251256281407,90.75320210459252,0.25213293132746356,0.06357101505977945,89.10086303226208,2.373202316132253,5.632089233295489
5.5376884422110555,90.69980796534095,0.25056200652517063,0.06278131911391965,89.12584036088093,2.373206892798393,5.632110956025804
5.57286432160804,90.6497223045437,0.24594255911079715,0.060487742381967954,89.15329044756815,2.3732120368020677,5.632135371622219
5.608040201005025,90.60335438481465,0.23832624569573346,0.056799399387423115,89.18308035457845,2.3732178678102205,5.632163048093689
5.64321608040201,90.56109568818708,0.22780087579959998,0.05189323901506478,89.21507266062368,2.373224518336333,5.63219461443272
5.678391959798995,90.52331644801941,0.21448942390479436,0.04600571296701057,89.24912614901518,2.373232128837787,5.632230737347934
5.71356783919598,90.49036233528923,0.19854866632513193,0.03942157289948858,89.28509650289978,2.3732408417978705,5.632272093177465
5.748743718592965,90.46255133478765,0.18016749873884083,0.03246032760181021,89.32283700308169,2.3732507949607275,5.632319335781725
5.78391959798995,90.44017084511358,0.15956504496726645,0.025461003575405764,89.3621992239798,2.373262113927815,5.632373061405122
5.819095477386934,90.42347503429013,0.13698880870736269,0.018765933711062405,89.40303372336125,2.373274904357833,5.632433771654681
5.8542713567839195,90.4126824803056,0.11271355557713358,0.012704345610839581,89.44519072161792,2.373289244037548,5.632501835864317
5.889447236180905,90.40797412295024,0.08704327241551409,0.007576531272801395,89.4885207665108,2.3733051751078262,5.63257745419359
5.924623115577889,90.40949155001303,0.060327049620662425,0.0036393529159338663,89.53287537949458,2.373322696737285,5.63266062284834
5.959798994974874,90.41733563726423,0.033072299566279995,0.0010937769986017639,89.578107679952,2.3733417585354983,5.632751102808371
5.994974874371859,90.43156555772728,0.008662159122735762,7.503300066759438e-05,89.62407298390778,2.373362254989175,5.6328483934073015
6.030150753768845,90.45219817159256,0.0254139699062368,0.0006458698663951096,89.67062937405758,2.373384021189197,5.632951712036202
6.065326633165829,90.47920780380163,0.052851083565173956,0.002793237034013001,89.71763823823092,2.373406830094995,5.633059981141573
6.100502512562814,90.51252641189593,0.08017827409567763,0.00642855563696161,89.76496477370847,2.3734303915569392,5.633171823566126
6.135678391959799,90.55204414223954,0.1067313280371495,0.011391576384573616,89.81247845512964,2.373454353288761,5.633285567145371
6.1708542713567835,90.59761026825635,0.13212740740949966,0.017457651788755905,89.86005346405148,2.373478303952061,5.633399259331151
6.206030150753769,90.64903449993054,0.15603874432998796,0.02434808973207935,89.90756907855405,2.3735017784851595,5.633510692472215
6.241206030150754,90.70608864956786,0.1781659630551527,0.03174311039137004,89.95491002162434,2.3735242657802904,5.633617440247867
6.276381909547738,90.76850863476388,0.19823422003629,0.03929680599339624,90.0019667673901,2.373545218787381,5.633716905628437
6.311557788944723,90.83599679573169,0.21599400097897015,0.04665340845890335,90.04863580461134,2.373564067100228,5.633806380629376
6.346733668341709,90.90822450065681,0.23122306982794452,0.053464108020658506,90.0948198571698,2.3735802320620354,5.633883118035666
6.381909547738694,90.98483500962017,0.24372861788551844,0.05940363917638506,90.14042806162007,2.37359314441202,5.633944415199741
6.417085427135678,91.06544656490276,0.2533492845793152,0.06418585999685085,90.18537610218033,2.3736022644825865,5.6339877099568625
6.452261306532663,91.14965567319224,0.25995691237480967,0.06757759629144447,90.2295863038411,2.3736071049465695,5.634010688652835
6.4874371859296485,91.23704054338292,0.26345796859324205,0.06941010121527771,90.27298768455566,2.3736072561049824,5.634011406234223
6.522613065326633,91.32716464231527,0.26379459777381453,0.06958758981464859,90.31551596774398,2.373602413696051,5.63398841830372
6.557788944723618,91.4195803299546,0.26094528473540507,0.06809244162564163,90.3571135565904,2.373592409194278,5.633940924984697
6.592964824120603,91.51383253516487,0.2549251194558467,0.06498681652957772,90.39772947184338,2.3735772425520745,5.633868926361109
6.628140703517587,91.60946243339264,0.24578566391538784,0.060410592586327985,90.4373192550308,2.373557117314148,5.6337733891526485
6.663316582914573,91.70601108822581,0.23361443019251232,0.054575701994172214,90.47584483918702,2.3735324780046825,5.633656424143049
6.698492462311558,91.80302301991722,0.21853399054298914,0.04775710502264326,90.51327438934536,2.3735040496478494,5.633521473694741
6.733668341708543,91.90004966553853,0.20070075815363073,0.04028079432344217,90.54958211518375,2.373472879232186,5.633373508450724
6.768844221105527,91.99665269742569,0.18030351245926593,0.032509356605148663,90.5847480583189,2.3734403788681946,5.633219232041999
6.8040201005025125,92.0924071689564,0.15756182691150272,0.024825729299690343,90.61875785682842,2.3734083703160156,5.633067292286125
6.839195979899498,92.18690445942192,0.13272479697914066,0.017615871733154105,90.6516024896383,2.373379130476675,5.632928496982219
6.874371859296482,92.2797549927733,0.10607129663490861,0.011251119969810774,90.68327800344758,2.3733554373473686,5.632816031986319
6.909547738693467,92.37059070828724,0.07791668591856565,0.006071009944532408,90.71378522487268,2.373340615840373,5.632745678797562
6.944723618090452,92.45906726465708,0.048655259868766176,0.0023673343128971683,90.74312946048103,2.3733385827589624,5.63273602841232
6.9798994974874375,92.54486596261678,0.01923917266803187,0.0003701457649503446,90.77132018735021,2.373353890115388,5.632808687725845
7.015075376884422,92.62769537489459,0.01537322296098439,0.00023633598420813766,90.79837073673376,2.373391765869259,5.632988474295999
7.050251256281407,92.70729267601678,0.045180847109582686,0.002041308945539486,90.82429797334137,2.373458151063835,5.633303594851358
7.085427135678392,92.78342466818414,0.07598772882384755,0.005774134931806592,90.84912197265008,2.373559732247434,5.633785802546511
7.1206030150753765,92.85588850307713,0.10647264201985593,0.011336423498688391,90.87286569855554,2.3737039679922534,5.6344705276621685
7.155778894472362,92.92451210295802,0.13618001404919322,0.018544996226438463,90.89555468355131,2.373899108268339,5.635396976237215
7.190954773869347,92.98915428778747,0.16473700362311966,0.02713828036272374,90.91721671349023,2.3741542054011378,5.636608191023908
7.226130653266331,93.04970461821637,0.1917972608397062,0.03678618926561429,90.93788151883736,2.3744791153415483,5.6381510691931815
7.261306532663316,93.10608296721502,0.21703251245833835,0.04710311146397879,90.95758047417051,2.3748844880118636,5.640076331399372
7.296482412060302,93.15823883573005,0.24013226173127003,0.057663503124175175,90.97634630752471,2.3753817455628643,5.64243843715328
7.331658291457287,93.2061504300876,0.26080543294320874,0.06801947385269455,90.99421282101082,2.375983047489229,5.645295441956205
7.366834170854271,93.24982352086987,0.2787824906999476,0.07771967712086637,91.0112146239706,2.3767012417039184,5.648708792316947
7.402010050251256,93.28929010466429,0.2938175743623862,0.08632876700419635,91.02738687975958,2.3775498008676323,5.652743055605718
7.437185929648241,93.32460689141415,0.30569047076204514,0.09344666391472077,91.04276506707917,2.3785427435058235,5.6574655826842095
7.472361809045226,93.35585364107807,0.31420834451194213,0.09872688376093532,91.05738475661103,2.3796945397205755,5.662946102375922
7.507537688442211,93.38313137394096,0.3192071840965813,0.10189322637886873,91.07128140354044,2.3810200016138885,5.669256248085402
7.542713567839196,93.40656047921169,0.32055294071075474,0.10275418779831265,91.08449015639529,2.3825341588768945,5.676469018215231
7.57788944723618,93.42627874651026,0.3181423478797355,0.10121455351443064,91.0970456824712,2.3842521203590343,5.684658173436551
7.613065326633166,93.4424393445006,0.3119034178993568,0.09728374209730083,91.10898200996535,2.3861889228035986,5.693897575310598
7.648241206030151,93.45520877028869,0.3017956182150812,0.09108059517382307,91.12033238680036,2.388359368311178,5.704260472199769
7.683417085427136,93.46476479230033,0.2878097385283862,0.08283444559177804,91.1311291559883,2.390777852459517,5.715818739810941
7.71859296482412,93.47129440820551,0.26996746981742864,0.07288243475962425,91.1414036472616,2.393458185355049,5.7286420850430835
7.7537688442211055,93.47499183809659,0.24832073439875574,0.06166318713233739,91.15118608458565,2.3964134082059494,5.742797223029254
7.788944723618091,93.47605657158428,0.22295084492943787,0.04970707925475025,91.1605055090656,2.399655608276717,5.758347038333901
7.824120603015075,93.47469148578169,0.1939676721830895,0.03762345785212647,91.16938971666858,2.4031957352986746,5.775349742157737
7.85929648241206,93.4711010493331,0.16150932490651984,0.02608526203175979,91.17786521010227,2.4070434225590605,5.793858038084836
7.894472361809045,93.46548962574398,0.12574412677617752,0.015811585418703405,91.18595716412148,2.4112068159650013,5.81391830935608
7.9296482412060305,93.45805988731301,0.08688367290348042,0.007548772617198978,91.1936894034763,2.415692414371181,5.835569840850465
7.964824120603015,93.44901134898555,0.04528442759773517,0.0020506793828545186,91.20108439266768,2.4205049243676964,5.858844088888268
8.0,93.43853902947158,0.007664002098982989,5.873692817321566e-05,91.20816323663993,2.4256471325466586,5.883764011631827
