window_id,patient_id,split,total_samples,normal_count,pvc_count,normal_percentage,pvc_percentage,unique_labels
1001_w0000,1001,train,1285,908,377,70.6614785992218,29.338521400778212,2
1001_w0001,1001,train,1280,684,596,53.43750000000001,46.5625,2
1001_w0002,1001,train,1210,642,568,53.05785123966942,46.942148760330575,2
1001_w0003,1001,train,1260,568,692,45.07936507936508,54.920634920634924,2
1001_w0004,1001,train,1275,571,704,44.78431372549019,55.2156862745098,2
1001_w0005,1001,train,1259,674,585,53.53455123113582,46.46544876886418,2
1001_w0006,1001,train,1268,554,714,43.69085173501578,56.30914826498423,2
1001_w0007,1001,train,1269,577,692,45.4688731284476,54.5311268715524,2
1001_w0008,1001,train,1276,429,847,33.62068965517241,66.37931034482759,2
1001_w0009,1001,train,1269,556,713,43.8140267927502,56.18597320724981,2
1001_w0010,1001,train,1264,423,841,33.46518987341772,66.53481012658227,2
1001_w0011,1001,train,1256,372,884,29.617834394904456,70.38216560509554,2
1001_w0012,1001,train,1222,565,657,46.23567921440262,53.764320785597384,2
1001_w0013,1001,train,1245,586,659,47.06827309236948,52.93172690763053,2
1001_w0014,1001,train,1254,577,677,46.01275917065391,53.98724082934609,2
1001_w0015,1001,train,1248,423,825,33.894230769230774,66.10576923076923,2
1001_w0016,1001,train,1244,423,821,34.0032154340836,65.9967845659164,2
1001_w0017,1001,train,1242,419,823,33.73590982286635,66.26409017713365,2
1001_w0018,1001,train,1246,428,818,34.34991974317817,65.65008025682182,2
1001_w0019,1001,train,1253,418,835,33.35993615323225,66.64006384676776,2
1001_w0020,1001,train,1257,430,827,34.20843277645187,65.79156722354813,2
1001_w0021,1001,train,1247,566,681,45.388933440256615,54.611066559743385,2
1001_w0022,1001,train,1254,318,936,25.358851674641148,74.64114832535886,2
1001_w0023,1001,train,1255,99,1156,7.888446215139442,92.11155378486056,2
1001_w0024,1001,train,1219,563,656,46.185397867104186,53.814602132895814,2
1001_w0025,1001,train,1233,416,817,33.73884833738848,66.26115166261151,2
1001_w0026,1001,train,1241,570,671,45.93070104754231,54.0692989524577,2
1001_w0027,1001,train,1223,560,663,45.789043336058874,54.210956663941126,2
1001_w0028,1001,train,1204,550,654,45.68106312292359,54.31893687707641,2
1001_w0029,1001,train,1233,419,814,33.98215733982157,66.01784266017843,2
1001_w0030,1001,train,1218,408,810,33.497536945812804,66.50246305418719,2
1001_w0031,1001,train,1222,407,815,33.306055646481184,66.69394435351882,2
1001_w0032,1001,train,1231,421,810,34.19983753046304,65.80016246953696,2
1001_w0033,1001,train,1228,418,810,34.039087947882734,65.96091205211727,2
1001_w0034,1001,train,1233,563,670,45.6609894566099,54.33901054339011,2
1001_w0035,1001,train,1205,539,666,44.73029045643154,55.26970954356847,2
1001_w0036,1001,train,1237,439,798,35.48908649959579,64.5109135004042,2
1001_w0037,1001,train,1227,552,675,44.987775061124694,55.012224938875306,2
1001_w0038,1001,train,1245,426,819,34.21686746987952,65.78313253012048,2
1001_w0039,1001,train,1243,527,716,42.39742558326629,57.60257441673371,2
1001_w0040,1001,train,1241,419,822,33.763094278807415,66.23690572119258,2
1001_w0041,1001,train,1246,434,812,34.831460674157306,65.1685393258427,2
1001_w0042,1001,train,1248,692,556,55.44871794871795,44.55128205128205,2
1001_w0043,1001,train,1219,331,888,27.15340442986054,72.84659557013946,2
1001_w0044,1001,train,1244,0,1244,0.0,100.0,1
1001_w0045,1001,train,1307,0,1307,0.0,100.0,1
1001_w0046,1001,train,1333,0,1333,0.0,100.0,1
1001_w0047,1001,train,1349,0,1349,0.0,100.0,1
1001_w0048,1001,train,1315,0,1315,0.0,100.0,1
1001_w0049,1001,train,1413,0,1413,0.0,100.0,1
1001_w0050,1001,train,1345,0,1345,0.0,100.0,1
1001_w0051,1001,train,1352,0,1352,0.0,100.0,1
1001_w0052,1001,train,1319,0,1319,0.0,100.0,1
1001_w0053,1001,train,1425,0,1425,0.0,100.0,1
1001_w0054,1001,train,1336,0,1336,0.0,100.0,1
1001_w0055,1001,train,1287,0,1287,0.0,100.0,1
1001_w0056,1001,train,1215,0,1215,0.0,100.0,1
1001_w0057,1001,train,1344,0,1344,0.0,100.0,1
1001_w0058,1001,train,1344,0,1344,0.0,100.0,1
1001_w0059,1001,train,1372,0,1372,0.0,100.0,1
1001_w0060,1001,train,1323,0,1323,0.0,100.0,1
1001_w0061,1001,train,1378,0,1378,0.0,100.0,1
1001_w0062,1001,train,1307,0,1307,0.0,100.0,1
1001_w0063,1001,train,1340,0,1340,0.0,100.0,1
1001_w0064,1001,train,1315,0,1315,0.0,100.0,1
1001_w0065,1001,train,1415,0,1415,0.0,100.0,1
1001_w0066,1001,train,1217,0,1217,0.0,100.0,1
1001_w0067,1001,train,1169,0,1169,0.0,100.0,1
1001_w0068,1001,train,1160,0,1160,0.0,100.0,1
1001_w0069,1001,train,1255,0,1255,0.0,100.0,1
1001_w0070,1001,train,1304,0,1304,0.0,100.0,1
1001_w0071,1001,train,1399,0,1399,0.0,100.0,1
1001_w0072,1001,train,1340,0,1340,0.0,100.0,1
1001_w0073,1001,train,1282,0,1282,0.0,100.0,1
1001_w0074,1001,train,1246,0,1246,0.0,100.0,1
1001_w0075,1001,train,1202,0,1202,0.0,100.0,1
1001_w0076,1001,train,1312,0,1312,0.0,100.0,1
1001_w0077,1001,train,1355,0,1355,0.0,100.0,1
1001_w0078,1001,train,1365,0,1365,0.0,100.0,1
1001_w0079,1001,train,1332,0,1332,0.0,100.0,1
1001_w0080,1001,train,1351,0,1351,0.0,100.0,1
1001_w0081,1001,train,1258,0,1258,0.0,100.0,1
1001_w0082,1001,train,1266,0,1266,0.0,100.0,1
1001_w0083,1001,train,1254,0,1254,0.0,100.0,1
1001_w0084,1001,train,1354,0,1354,0.0,100.0,1
1001_w0085,1001,train,1376,0,1376,0.0,100.0,1
1001_w0086,1001,train,1348,0,1348,0.0,100.0,1
1001_w0087,1001,train,1257,0,1257,0.0,100.0,1
1001_w0088,1001,train,1320,0,1320,0.0,100.0,1
1001_w0089,1001,train,1280,0,1280,0.0,100.0,1
1001_w0090,1001,train,1313,0,1313,0.0,100.0,1
1001_w0091,1001,train,1287,0,1287,0.0,100.0,1
1001_w0092,1001,train,1394,0,1394,0.0,100.0,1
1001_w0093,1001,train,1309,0,1309,0.0,100.0,1
1001_w0094,1001,train,1272,0,1272,0.0,100.0,1
1001_w0095,1001,train,1268,0,1268,0.0,100.0,1
1001_w0096,1001,train,1355,0,1355,0.0,100.0,1
1001_w0097,1001,train,1291,0,1291,0.0,100.0,1
1001_w0098,1001,train,1406,0,1406,0.0,100.0,1
1001_w0099,1001,train,1325,0,1325,0.0,100.0,1
