sample_number,filename,window_id,patient_id,split,ecg_length,ppg_length,mask_length,normal_count,pvc_count,unique_labels
1,sample_001.npz,1001_w0000,1001,train,1285,1285,1285,908,377,2
2,sample_002.npz,1001_w0001,1001,train,1280,1280,1280,684,596,2
3,sample_003.npz,1001_w0002,1001,train,1210,1210,1210,642,568,2
4,sample_004.npz,1001_w0003,1001,train,1260,1260,1260,568,692,2
5,sample_005.npz,1001_w0004,1001,train,1275,1275,1275,571,704,2
6,sample_006.npz,1001_w0005,1001,train,1259,1259,1259,674,585,2
7,sample_007.npz,1001_w0006,1001,train,1268,1268,1268,554,714,2
8,sample_008.npz,1001_w0007,1001,train,1269,1269,1269,577,692,2
9,sample_009.npz,1001_w0008,1001,train,1276,1276,1276,429,847,2
10,sample_010.npz,1001_w0009,1001,train,1269,1269,1269,556,713,2
11,sample_011.npz,1002_w0000,1002,val,896,896,896,896,0,1
12,sample_012.npz,1002_w0001,1002,val,894,894,894,894,0,1
13,sample_013.npz,1002_w0002,1002,val,898,898,898,898,0,1
14,sample_014.npz,1002_w0003,1002,val,903,903,903,903,0,1
15,sample_015.npz,1002_w0004,1002,val,908,908,908,908,0,1
16,sample_016.npz,1002_w0005,1002,val,913,913,913,913,0,1
17,sample_017.npz,1002_w0006,1002,val,913,913,913,913,0,1
18,sample_018.npz,1002_w0007,1002,val,911,911,911,911,0,1
19,sample_019.npz,1002_w0008,1002,val,909,909,909,909,0,1
20,sample_020.npz,1002_w0009,1002,val,908,908,908,908,0,1
21,sample_021.npz,1023_w0000,1023,val,1157,1157,1157,0,0,1
22,sample_022.npz,1023_w0001,1023,val,1230,1230,1230,0,0,1
23,sample_023.npz,1023_w0002,1023,val,1169,1169,1169,0,0,1
24,sample_024.npz,1023_w0003,1023,val,1214,1214,1214,0,0,1
25,sample_025.npz,1023_w0004,1023,val,1292,1292,1292,0,0,1
26,sample_026.npz,1023_w0005,1023,val,1314,1314,1314,0,0,1
27,sample_027.npz,1023_w0006,1023,val,1340,1340,1340,0,0,1
28,sample_028.npz,1023_w0007,1023,val,1332,1332,1332,0,0,1
29,sample_029.npz,1023_w0008,1023,val,1251,1251,1251,0,0,1
30,sample_030.npz,1023_w0009,1023,val,1236,1236,1236,0,0,1
31,sample_031.npz,103_w0000,103,train,1225,1225,1225,1225,0,1
32,sample_032.npz,103_w0001,103,train,1230,1230,1230,1230,0,1
33,sample_033.npz,103_w0002,103,train,1230,1230,1230,1230,0,1
34,sample_034.npz,103_w0003,103,train,1237,1237,1237,1237,0,1
35,sample_035.npz,103_w0004,103,train,1234,1234,1234,1234,0,1
36,sample_036.npz,103_w0005,103,train,1233,1233,1233,1233,0,1
37,sample_037.npz,103_w0006,103,train,1237,1237,1237,1237,0,1
38,sample_038.npz,103_w0007,103,train,1238,1238,1238,1238,0,1
39,sample_039.npz,103_w0008,103,train,1204,1204,1204,1204,0,1
40,sample_040.npz,103_w0009,103,train,1010,1010,1010,1010,0,1
41,sample_041.npz,1063_w0000,1063,train,806,806,806,520,0,2
42,sample_042.npz,1063_w0001,1063,train,841,841,841,841,0,1
43,sample_043.npz,1063_w0002,1063,train,842,842,842,842,0,1
44,sample_044.npz,1063_w0003,1063,train,847,847,847,847,0,1
45,sample_045.npz,1063_w0004,1063,train,853,853,853,853,0,1
46,sample_046.npz,1063_w0005,1063,train,855,855,855,855,0,1
47,sample_047.npz,1063_w0006,1063,train,860,860,860,860,0,1
48,sample_048.npz,1063_w0007,1063,train,861,861,861,861,0,1
49,sample_049.npz,1063_w0008,1063,train,864,864,864,864,0,1
50,sample_050.npz,1063_w0009,1063,train,866,866,866,866,0,1
51,sample_051.npz,1072_w0000,1072,test,921,921,921,921,0,1
52,sample_052.npz,1072_w0001,1072,test,917,917,917,917,0,1
53,sample_053.npz,1072_w0002,1072,test,952,952,952,952,0,1
54,sample_054.npz,1072_w0003,1072,test,909,909,909,909,0,1
55,sample_055.npz,1072_w0004,1072,test,904,904,904,904,0,1
56,sample_056.npz,1072_w0005,1072,test,808,808,808,808,0,1
57,sample_057.npz,1072_w0006,1072,test,821,821,821,821,0,1
58,sample_058.npz,1072_w0007,1072,test,889,889,889,713,0,2
59,sample_059.npz,1072_w0008,1072,test,835,835,835,568,0,2
60,sample_060.npz,1072_w0009,1072,test,877,877,877,357,0,2
61,sample_061.npz,1086_w0000,1086,train,1313,1313,1313,1313,0,1
62,sample_062.npz,1086_w0001,1086,train,1219,1219,1219,1219,0,1
63,sample_063.npz,1086_w0002,1086,train,1285,1285,1285,1285,0,1
64,sample_064.npz,1086_w0003,1086,train,1336,1336,1336,1336,0,1
65,sample_065.npz,1086_w0004,1086,train,1461,1461,1461,1461,0,1
66,sample_066.npz,1086_w0005,1086,train,1295,1295,1295,1295,0,1
67,sample_067.npz,1086_w0006,1086,train,1379,1379,1379,1379,0,1
68,sample_068.npz,1086_w0007,1086,train,1339,1339,1339,1339,0,1
69,sample_069.npz,1086_w0008,1086,train,1317,1317,1317,1317,0,1
70,sample_070.npz,1086_w0009,1086,train,1145,1145,1145,1145,0,1
71,sample_071.npz,110_w0000,110,train,856,856,856,856,0,1
72,sample_072.npz,110_w0001,110,train,846,846,846,846,0,1
73,sample_073.npz,110_w0002,110,train,843,843,843,843,0,1
74,sample_074.npz,110_w0003,110,train,844,844,844,844,0,1
75,sample_075.npz,110_w0004,110,train,851,851,851,851,0,1
76,sample_076.npz,110_w0005,110,train,851,851,851,851,0,1
77,sample_077.npz,110_w0006,110,train,852,852,852,852,0,1
78,sample_078.npz,110_w0007,110,train,847,847,847,847,0,1
79,sample_079.npz,110_w0008,110,train,834,834,834,834,0,1
80,sample_080.npz,110_w0009,110,train,817,817,817,817,0,1
81,sample_081.npz,1110_w0000,1110,train,996,996,996,713,283,2
82,sample_082.npz,1110_w0001,1110,train,1068,1068,1068,785,283,2
83,sample_083.npz,1110_w0002,1110,train,1102,1102,1102,1102,0,1
84,sample_084.npz,1110_w0003,1110,train,1077,1077,1077,1077,0,1
85,sample_085.npz,1110_w0004,1110,train,1046,1046,1046,1046,0,1
86,sample_086.npz,1110_w0005,1110,train,1018,1018,1018,1018,0,1
87,sample_087.npz,1110_w0006,1110,train,1004,1004,1004,1004,0,1
88,sample_088.npz,1110_w0007,1110,train,1006,1006,1006,1006,0,1
89,sample_089.npz,1110_w0008,1110,train,1018,1018,1018,1018,0,1
90,sample_090.npz,1110_w0009,1110,train,1030,1030,1030,745,285,2
91,sample_091.npz,1115_w0000,1115,train,500,500,500,0,0,1
92,sample_092.npz,1115_w0001,1115,train,480,480,480,0,0,1
93,sample_093.npz,1115_w0002,1115,train,435,435,435,0,0,1
94,sample_094.npz,1115_w0003,1115,train,438,438,438,0,0,1
95,sample_095.npz,1115_w0004,1115,train,438,438,438,0,0,1
96,sample_096.npz,1115_w0005,1115,train,441,441,441,0,0,1
97,sample_097.npz,1115_w0006,1115,train,473,473,473,0,0,1
98,sample_098.npz,1115_w0007,1115,train,420,420,420,0,0,1
99,sample_099.npz,1115_w0008,1115,train,436,436,436,0,0,1
100,sample_100.npz,1115_w0009,1115,train,421,421,421,0,0,1
