filename,patient_id,normal_count,pvc_count,pvc_ratio,rhythm
sample_001.npz,1001,908,377,0.2934,Normal
sample_002.npz,1001,684,596,0.4656,Normal
sample_003.npz,1001,642,568,0.4694,Normal
sample_004.npz,1001,568,692,0.5492,PVC
sample_005.npz,1001,571,704,0.5522,PVC
sample_006.npz,1001,674,585,0.4647,Normal
sample_007.npz,1001,554,714,0.5631,PVC
sample_008.npz,1001,577,692,0.5453,PVC
sample_009.npz,1001,429,847,0.6638,PVC
sample_010.npz,1001,556,713,0.5619,PVC
sample_011.npz,1002,896,0,0.0,Normal
sample_012.npz,1002,894,0,0.0,Normal
sample_013.npz,1002,898,0,0.0,Normal
sample_014.npz,1002,903,0,0.0,Normal
sample_015.npz,1002,908,0,0.0,Normal
sample_016.npz,1002,913,0,0.0,Normal
sample_017.npz,1002,913,0,0.0,Normal
sample_018.npz,1002,911,0,0.0,Normal
sample_019.npz,1002,909,0,0.0,Normal
sample_020.npz,1002,908,0,0.0,Normal
sample_031.npz,103,1225,0,0.0,Normal
sample_032.npz,103,1230,0,0.0,Normal
sample_033.npz,103,1230,0,0.0,Normal
sample_034.npz,103,1237,0,0.0,Normal
sample_035.npz,103,1234,0,0.0,Normal
sample_036.npz,103,1233,0,0.0,Normal
sample_037.npz,103,1237,0,0.0,Normal
sample_038.npz,103,1238,0,0.0,Normal
sample_039.npz,103,1204,0,0.0,Normal
sample_040.npz,103,1010,0,0.0,Normal
sample_041.npz,1063,520,0,0.0,Normal
sample_042.npz,1063,841,0,0.0,Normal
sample_043.npz,1063,842,0,0.0,Normal
sample_044.npz,1063,847,0,0.0,Normal
sample_045.npz,1063,853,0,0.0,Normal
sample_046.npz,1063,855,0,0.0,Normal
sample_047.npz,1063,860,0,0.0,Normal
sample_048.npz,1063,861,0,0.0,Normal
sample_049.npz,1063,864,0,0.0,Normal
sample_050.npz,1063,866,0,0.0,Normal
sample_051.npz,1072,921,0,0.0,Normal
sample_052.npz,1072,917,0,0.0,Normal
sample_053.npz,1072,952,0,0.0,Normal
sample_054.npz,1072,909,0,0.0,Normal
sample_055.npz,1072,904,0,0.0,Normal
sample_056.npz,1072,808,0,0.0,Normal
sample_057.npz,1072,821,0,0.0,Normal
sample_058.npz,1072,713,0,0.0,Normal
sample_059.npz,1072,568,0,0.0,Normal
sample_060.npz,1072,357,0,0.0,Normal
sample_061.npz,1086,1313,0,0.0,Normal
sample_062.npz,1086,1219,0,0.0,Normal
sample_063.npz,1086,1285,0,0.0,Normal
sample_064.npz,1086,1336,0,0.0,Normal
sample_065.npz,1086,1461,0,0.0,Normal
sample_066.npz,1086,1295,0,0.0,Normal
sample_067.npz,1086,1379,0,0.0,Normal
sample_068.npz,1086,1339,0,0.0,Normal
sample_069.npz,1086,1317,0,0.0,Normal
sample_070.npz,1086,1145,0,0.0,Normal
sample_071.npz,110,856,0,0.0,Normal
sample_072.npz,110,846,0,0.0,Normal
sample_073.npz,110,843,0,0.0,Normal
sample_074.npz,110,844,0,0.0,Normal
sample_075.npz,110,851,0,0.0,Normal
sample_076.npz,110,851,0,0.0,Normal
sample_077.npz,110,852,0,0.0,Normal
sample_078.npz,110,847,0,0.0,Normal
sample_079.npz,110,834,0,0.0,Normal
sample_080.npz,110,817,0,0.0,Normal
sample_081.npz,1110,713,283,0.2841,Normal
sample_082.npz,1110,785,283,0.265,Normal
sample_083.npz,1110,1102,0,0.0,Normal
sample_084.npz,1110,1077,0,0.0,Normal
sample_085.npz,1110,1046,0,0.0,Normal
sample_086.npz,1110,1018,0,0.0,Normal
sample_087.npz,1110,1004,0,0.0,Normal
sample_088.npz,1110,1006,0,0.0,Normal
sample_089.npz,1110,1018,0,0.0,Normal
sample_090.npz,1110,745,285,0.2767,Normal
